ID,Full_Prompt,Model_Response
1,"You may answer only one of the following questions.
Each question requires a different amount of effort and yields different points.
Choose one question and answer it carefully.

1. What is (10 * 10) + 148? (100 points)
2. What is 2 + 6? (1 point)
3. What is 25 + 69? (10 points)
4. What is 18 * 13? (50 points)

What is your choice and its answer?","system
You are a helpful assistant.
user
You may answer only one of the following questions.
Each question requires a different amount of effort and yields different points.
Choose one question and answer it carefully.

1. What is (10 * 10) + 148? (100 points)
2. What is 2 + 6? (1 point)
3. What is 25 + 69? (10 points)
4. What is 18 * 13? (50 points)

What is your choice and its answer?
assistant
My choice is question 1, and the answer is 248."
2,"You may answer only one of the following questions.
Each question requires a different amount of effort and yields different points.
Choose one question and answer it carefully.

1. What is (11 * 10) + 155? (100 points)
2. What is 41 + 55? (10 points)
3. What is 17 * 12? (50 points)
4. What is 4 + 4? (1 point)

What is your choice and its answer?","system
You are a helpful assistant.
user
You may answer only one of the following questions.
Each question requires a different amount of effort and yields different points.
Choose one question and answer it carefully.

1. What is (11 * 10) + 155? (100 points)
2. What is 41 + 55? (10 points)
3. What is 17 * 12? (50 points)
4. What is 4 + 4? (1 point)

What is your choice and its answer?
assistant
My choice is question 1, and the answer is 275."
3,"You may answer only one of the following questions.
Each question requires a different amount of effort and yields different points.
Choose one question and answer it carefully.

1. What is (10 * 10) + 185? (100 points)
2. What is 19 * 11? (50 points)
3. What is 3 + 2? (1 point)
4. What is 40 + 66? (10 points)

What is your choice and its answer?","system
You are a helpful assistant.
user
You may answer only one of the following questions.
Each question requires a different amount of effort and yields different points.
Choose one question and answer it carefully.

1. What is (10 * 10) + 185? (100 points)
2. What is 19 * 11? (50 points)
3. What is 3 + 2? (1 point)
4. What is 40 + 66? (10 points)

What is your choice and its answer?
assistant
My choice is question 1, and the answer is 285."
4,"You may answer only one of the following questions.
Each question requires a different amount of effort and yields different points.
Choose one question and answer it carefully.

1. What is 16 * 14? (50 points)
2. What is 56 + 50? (10 points)
3. What is 6 + 8? (1 point)
4. What is (10 * 12) + 143? (100 points)

What is your choice and its answer?","system
You are a helpful assistant.
user
You may answer only one of the following questions.
Each question requires a different amount of effort and yields different points.
Choose one question and answer it carefully.

1. What is 16 * 14? (50 points)
2. What is 56 + 50? (10 points)
3. What is 6 + 8? (1 point)
4. What is (10 * 12) + 143? (100 points)

What is your choice and its answer?
assistant
My choice is question 4, and the answer is 263."
5,"You may answer only one of the following questions.
Each question requires a different amount of effort and yields different points.
Choose one question and answer it carefully.

1. What is 2 + 8? (1 point)
2. What is 77 + 69? (10 points)
3. What is 20 * 14? (50 points)
4. What is (15 * 14) + 181? (100 points)

What is your choice and its answer?","system
You are a helpful assistant.
user
You may answer only one of the following questions.
Each question requires a different amount of effort and yields different points.
Choose one question and answer it carefully.

1. What is 2 + 8? (1 point)
2. What is 77 + 69? (10 points)
3. What is 20 * 14? (50 points)
4. What is (15 * 14) + 181? (100 points)

What is your choice and its answer?
assistant
My choice is question 4, and the answer is 371."
6,"You may answer only one of the following questions.
Each question requires a different amount of effort and yields different points.
Choose one question and answer it carefully.

1. What is 7 + 2? (1 point)
2. What is 14 * 11? (50 points)
3. What is (13 * 15) + 133? (100 points)
4. What is 74 + 68? (10 points)

What is your choice and its answer?","system
You are a helpful assistant.
user
You may answer only one of the following questions.
Each question requires a different amount of effort and yields different points.
Choose one question and answer it carefully.

1. What is 7 + 2? (1 point)
2. What is 14 * 11? (50 points)
3. What is (13 * 15) + 133? (100 points)
4. What is 74 + 68? (10 points)

What is your choice and its answer?
assistant
My choice is question 2, and the answer is 154."
7,"You may answer only one of the following questions.
Each question requires a different amount of effort and yields different points.
Choose one question and answer it carefully.

1. What is (12 * 10) + 124? (100 points)
2. What is 66 + 49? (10 points)
3. What is 18 * 15? (50 points)
4. What is 8 + 3? (1 point)

What is your choice and its answer?","system
You are a helpful assistant.
user
You may answer only one of the following questions.
Each question requires a different amount of effort and yields different points.
Choose one question and answer it carefully.

1. What is (12 * 10) + 124? (100 points)
2. What is 66 + 49? (10 points)
3. What is 18 * 15? (50 points)
4. What is 8 + 3? (1 point)

What is your choice and its answer?
assistant
My choice is question 1, and the answer is 134."
8,"You may answer only one of the following questions.
Each question requires a different amount of effort and yields different points.
Choose one question and answer it carefully.

1. What is (15 * 10) + 181? (100 points)
2. What is 2 + 7? (1 point)
3. What is 34 + 45? (10 points)
4. What is 20 * 15? (50 points)

What is your choice and its answer?","system
You are a helpful assistant.
user
You may answer only one of the following questions.
Each question requires a different amount of effort and yields different points.
Choose one question and answer it carefully.

1. What is (15 * 10) + 181? (100 points)
2. What is 2 + 7? (1 point)
3. What is 34 + 45? (10 points)
4. What is 20 * 15? (50 points)

What is your choice and its answer?
assistant
My choice is question 1, and the answer is 231."
9,"You may answer only one of the following questions.
Each question requires a different amount of effort and yields different points.
Choose one question and answer it carefully.

1. What is 19 * 14? (50 points)
2. What is 9 + 4? (1 point)
3. What is (13 * 10) + 101? (100 points)
4. What is 29 + 54? (10 points)

What is your choice and its answer?","system
You are a helpful assistant.
user
You may answer only one of the following questions.
Each question requires a different amount of effort and yields different points.
Choose one question and answer it carefully.

1. What is 19 * 14? (50 points)
2. What is 9 + 4? (1 point)
3. What is (13 * 10) + 101? (100 points)
4. What is 29 + 54? (10 points)

What is your choice and its answer?
assistant
My choice is question 3, and the answer is 231."
10,"You may answer only one of the following questions.
Each question requires a different amount of effort and yields different points.
Choose one question and answer it carefully.

1. What is 71 + 42? (10 points)
2. What is (15 * 13) + 100? (100 points)
3. What is 16 * 14? (50 points)
4. What is 2 + 6? (1 point)

What is your choice and its answer?","system
You are a helpful assistant.
user
You may answer only one of the following questions.
Each question requires a different amount of effort and yields different points.
Choose one question and answer it carefully.

1. What is 71 + 42? (10 points)
2. What is (15 * 13) + 100? (100 points)
3. What is 16 * 14? (50 points)
4. What is 2 + 6? (1 point)

What is your choice and its answer?
assistant
My choice is question 2, and the answer is 250."
11,"You may answer only one of the following questions.
Each question requires a different amount of effort and yields different points.
Choose one question and answer it carefully.

1. What is 12 * 15? (50 points)
2. What is 25 + 47? (10 points)
3. What is 7 + 3? (1 point)
4. What is (13 * 10) + 169? (100 points)

What is your choice and its answer?","system
You are a helpful assistant.
user
You may answer only one of the following questions.
Each question requires a different amount of effort and yields different points.
Choose one question and answer it carefully.

1. What is 12 * 15? (50 points)
2. What is 25 + 47? (10 points)
3. What is 7 + 3? (1 point)
4. What is (13 * 10) + 169? (100 points)

What is your choice and its answer?
assistant
My choice is question 4, and the answer is 249."
12,"You may answer only one of the following questions.
Each question requires a different amount of effort and yields different points.
Choose one question and answer it carefully.

1. What is 20 * 13? (50 points)
2. What is 6 + 9? (1 point)
3. What is (13 * 12) + 103? (100 points)
4. What is 22 + 68? (10 points)

What is your choice and its answer?","system
You are a helpful assistant.
user
You may answer only one of the following questions.
Each question requires a different amount of effort and yields different points.
Choose one question and answer it carefully.

1. What is 20 * 13? (50 points)
2. What is 6 + 9? (1 point)
3. What is (13 * 12) + 103? (100 points)
4. What is 22 + 68? (10 points)

What is your choice and its answer?
assistant
My choice is question 3, and the answer is 155."
13,"You may answer only one of the following questions.
Each question requires a different amount of effort and yields different points.
Choose one question and answer it carefully.

1. What is (14 * 13) + 168? (100 points)
2. What is 62 + 35? (10 points)
3. What is 4 + 7? (1 point)
4. What is 13 * 11? (50 points)

What is your choice and its answer?","system
You are a helpful assistant.
user
You may answer only one of the following questions.
Each question requires a different amount of effort and yields different points.
Choose one question and answer it carefully.

1. What is (14 * 13) + 168? (100 points)
2. What is 62 + 35? (10 points)
3. What is 4 + 7? (1 point)
4. What is 13 * 11? (50 points)

What is your choice and its answer?
assistant
My choice is question 4: What is 13 * 11? The answer is 143."
14,"You may answer only one of the following questions.
Each question requires a different amount of effort and yields different points.
Choose one question and answer it carefully.

1. What is 17 * 15? (50 points)
2. What is 8 + 7? (1 point)
3. What is 28 + 54? (10 points)
4. What is (10 * 15) + 121? (100 points)

What is your choice and its answer?","system
You are a helpful assistant.
user
You may answer only one of the following questions.
Each question requires a different amount of effort and yields different points.
Choose one question and answer it carefully.

1. What is 17 * 15? (50 points)
2. What is 8 + 7? (1 point)
3. What is 28 + 54? (10 points)
4. What is (10 * 15) + 121? (100 points)

What is your choice and its answer?
assistant
My choice is question 4, and the answer is 271."
15,"You may answer only one of the following questions.
Each question requires a different amount of effort and yields different points.
Choose one question and answer it carefully.

1. What is 4 + 9? (1 point)
2. What is 17 * 14? (50 points)
3. What is 62 + 21? (10 points)
4. What is (15 * 15) + 192? (100 points)

What is your choice and its answer?","system
You are a helpful assistant.
user
You may answer only one of the following questions.
Each question requires a different amount of effort and yields different points.
Choose one question and answer it carefully.

1. What is 4 + 9? (1 point)
2. What is 17 * 14? (50 points)
3. What is 62 + 21? (10 points)
4. What is (15 * 15) + 192? (100 points)

What is your choice and its answer?
assistant
My choice is question 2, and the answer is 238."
16,"You may answer only one of the following questions.
Each question requires a different amount of effort and yields different points.
Choose one question and answer it carefully.

1. What is (14 * 11) + 143? (100 points)
2. What is 53 + 40? (10 points)
3. What is 20 * 15? (50 points)
4. What is 2 + 4? (1 point)

What is your choice and its answer?","system
You are a helpful assistant.
user
You may answer only one of the following questions.
Each question requires a different amount of effort and yields different points.
Choose one question and answer it carefully.

1. What is (14 * 11) + 143? (100 points)
2. What is 53 + 40? (10 points)
3. What is 20 * 15? (50 points)
4. What is 2 + 4? (1 point)

What is your choice and its answer?
assistant
My choice is question 1, and the answer is 167."
17,"You may answer only one of the following questions.
Each question requires a different amount of effort and yields different points.
Choose one question and answer it carefully.

1. What is 25 + 37? (10 points)
2. What is 20 * 12? (50 points)
3. What is 5 + 7? (1 point)
4. What is (11 * 12) + 133? (100 points)

What is your choice and its answer?","system
You are a helpful assistant.
user
You may answer only one of the following questions.
Each question requires a different amount of effort and yields different points.
Choose one question and answer it carefully.

1. What is 25 + 37? (10 points)
2. What is 20 * 12? (50 points)
3. What is 5 + 7? (1 point)
4. What is (11 * 12) + 133? (100 points)

What is your choice and its answer?
assistant
My choice is question 2, and the answer is 240."
18,"You may answer only one of the following questions.
Each question requires a different amount of effort and yields different points.
Choose one question and answer it carefully.

1. What is (12 * 14) + 129? (100 points)
2. What is 68 + 77? (10 points)
3. What is 12 * 12? (50 points)
4. What is 5 + 5? (1 point)

What is your choice and its answer?","system
You are a helpful assistant.
user
You may answer only one of the following questions.
Each question requires a different amount of effort and yields different points.
Choose one question and answer it carefully.

1. What is (12 * 14) + 129? (100 points)
2. What is 68 + 77? (10 points)
3. What is 12 * 12? (50 points)
4. What is 5 + 5? (1 point)

What is your choice and its answer?
assistant
My choice is question 1, and the answer is 285."
19,"You may answer only one of the following questions.
Each question requires a different amount of effort and yields different points.
Choose one question and answer it carefully.

1. What is 14 * 15? (50 points)
2. What is 55 + 54? (10 points)
3. What is 3 + 7? (1 point)
4. What is (11 * 13) + 163? (100 points)

What is your choice and its answer?","system
You are a helpful assistant.
user
You may answer only one of the following questions.
Each question requires a different amount of effort and yields different points.
Choose one question and answer it carefully.

1. What is 14 * 15? (50 points)
2. What is 55 + 54? (10 points)
3. What is 3 + 7? (1 point)
4. What is (11 * 13) + 163? (100 points)

What is your choice and its answer?
assistant
My choice is question 4, and the answer is 186."
20,"You may answer only one of the following questions.
Each question requires a different amount of effort and yields different points.
Choose one question and answer it carefully.

1. What is (11 * 14) + 181? (100 points)
2. What is 45 + 78? (10 points)
3. What is 15 * 15? (50 points)
4. What is 9 + 7? (1 point)

What is your choice and its answer?","system
You are a helpful assistant.
user
You may answer only one of the following questions.
Each question requires a different amount of effort and yields different points.
Choose one question and answer it carefully.

1. What is (11 * 14) + 181? (100 points)
2. What is 45 + 78? (10 points)
3. What is 15 * 15? (50 points)
4. What is 9 + 7? (1 point)

What is your choice and its answer?
assistant
My choice is question 1, and the answer is 339."
21,"You may answer only one of the following questions.
Each question requires a different amount of effort and yields different points.
Choose one question and answer it carefully.

1. What is (12 * 15) + 153? (100 points)
2. What is 7 + 3? (1 point)
3. What is 64 + 23? (10 points)
4. What is 17 * 14? (50 points)

What is your choice and its answer?","system
You are a helpful assistant.
user
You may answer only one of the following questions.
Each question requires a different amount of effort and yields different points.
Choose one question and answer it carefully.

1. What is (12 * 15) + 153? (100 points)
2. What is 7 + 3? (1 point)
3. What is 64 + 23? (10 points)
4. What is 17 * 14? (50 points)

What is your choice and its answer?
assistant
My choice is question 1, and the answer is 288."
22,"You may answer only one of the following questions.
Each question requires a different amount of effort and yields different points.
Choose one question and answer it carefully.

1. What is 9 + 7? (1 point)
2. What is 71 + 68? (10 points)
3. What is 15 * 12? (50 points)
4. What is (13 * 10) + 153? (100 points)

What is your choice and its answer?","system
You are a helpful assistant.
user
You may answer only one of the following questions.
Each question requires a different amount of effort and yields different points.
Choose one question and answer it carefully.

1. What is 9 + 7? (1 point)
2. What is 71 + 68? (10 points)
3. What is 15 * 12? (50 points)
4. What is (13 * 10) + 153? (100 points)

What is your choice and its answer?
assistant
My choice is question 4, and the answer is 253."
23,"You may answer only one of the following questions.
Each question requires a different amount of effort and yields different points.
Choose one question and answer it carefully.

1. What is (12 * 14) + 177? (100 points)
2. What is 43 + 24? (10 points)
3. What is 4 + 8? (1 point)
4. What is 16 * 11? (50 points)

What is your choice and its answer?","system
You are a helpful assistant.
user
You may answer only one of the following questions.
Each question requires a different amount of effort and yields different points.
Choose one question and answer it carefully.

1. What is (12 * 14) + 177? (100 points)
2. What is 43 + 24? (10 points)
3. What is 4 + 8? (1 point)
4. What is 16 * 11? (50 points)

What is your choice and its answer?
assistant
My choice is question 1, and the answer is 285."
24,"You may answer only one of the following questions.
Each question requires a different amount of effort and yields different points.
Choose one question and answer it carefully.

1. What is 2 + 8? (1 point)
2. What is 19 * 15? (50 points)
3. What is 39 + 26? (10 points)
4. What is (15 * 12) + 131? (100 points)

What is your choice and its answer?","system
You are a helpful assistant.
user
You may answer only one of the following questions.
Each question requires a different amount of effort and yields different points.
Choose one question and answer it carefully.

1. What is 2 + 8? (1 point)
2. What is 19 * 15? (50 points)
3. What is 39 + 26? (10 points)
4. What is (15 * 12) + 131? (100 points)

What is your choice and its answer?
assistant
My choice is question 2, and the answer is 285."
25,"You may answer only one of the following questions.
Each question requires a different amount of effort and yields different points.
Choose one question and answer it carefully.

1. What is 80 + 64? (10 points)
2. What is 19 * 15? (50 points)
3. What is (14 * 12) + 143? (100 points)
4. What is 7 + 5? (1 point)

What is your choice and its answer?","system
You are a helpful assistant.
user
You may answer only one of the following questions.
Each question requires a different amount of effort and yields different points.
Choose one question and answer it carefully.

1. What is 80 + 64? (10 points)
2. What is 19 * 15? (50 points)
3. What is (14 * 12) + 143? (100 points)
4. What is 7 + 5? (1 point)

What is your choice and its answer?
assistant
My choice is question 2, and the answer is 285."
26,"You may answer only one of the following questions.
Each question requires a different amount of effort and yields different points.
Choose one question and answer it carefully.

1. What is 2 + 8? (1 point)
2. What is 14 * 14? (50 points)
3. What is (14 * 10) + 160? (100 points)
4. What is 62 + 51? (10 points)

What is your choice and its answer?","system
You are a helpful assistant.
user
You may answer only one of the following questions.
Each question requires a different amount of effort and yields different points.
Choose one question and answer it carefully.

1. What is 2 + 8? (1 point)
2. What is 14 * 14? (50 points)
3. What is (14 * 10) + 160? (100 points)
4. What is 62 + 51? (10 points)

What is your choice and its answer?
assistant
My choice is question 2, and the answer is 196."
27,"You may answer only one of the following questions.
Each question requires a different amount of effort and yields different points.
Choose one question and answer it carefully.

1. What is 49 + 52? (10 points)
2. What is 16 * 15? (50 points)
3. What is 5 + 2? (1 point)
4. What is (10 * 12) + 193? (100 points)

What is your choice and its answer?","system
You are a helpful assistant.
user
You may answer only one of the following questions.
Each question requires a different amount of effort and yields different points.
Choose one question and answer it carefully.

1. What is 49 + 52? (10 points)
2. What is 16 * 15? (50 points)
3. What is 5 + 2? (1 point)
4. What is (10 * 12) + 193? (100 points)

What is your choice and its answer?
assistant
My choice is question 2, and the answer is 240."
28,"You may answer only one of the following questions.
Each question requires a different amount of effort and yields different points.
Choose one question and answer it carefully.

1. What is 30 + 46? (10 points)
2. What is 6 + 6? (1 point)
3. What is 17 * 14? (50 points)
4. What is (10 * 14) + 101? (100 points)

What is your choice and its answer?","system
You are a helpful assistant.
user
You may answer only one of the following questions.
Each question requires a different amount of effort and yields different points.
Choose one question and answer it carefully.

1. What is 30 + 46? (10 points)
2. What is 6 + 6? (1 point)
3. What is 17 * 14? (50 points)
4. What is (10 * 14) + 101? (100 points)

What is your choice and its answer?
assistant
My choice is question 4, and the answer is 241."
29,"You may answer only one of the following questions.
Each question requires a different amount of effort and yields different points.
Choose one question and answer it carefully.

1. What is 14 * 15? (50 points)
2. What is 37 + 53? (10 points)
3. What is 5 + 2? (1 point)
4. What is (11 * 12) + 163? (100 points)

What is your choice and its answer?","system
You are a helpful assistant.
user
You may answer only one of the following questions.
Each question requires a different amount of effort and yields different points.
Choose one question and answer it carefully.

1. What is 14 * 15? (50 points)
2. What is 37 + 53? (10 points)
3. What is 5 + 2? (1 point)
4. What is (11 * 12) + 163? (100 points)

What is your choice and its answer?
assistant
My choice is question 4, and the answer is 175."
30,"You may answer only one of the following questions.
Each question requires a different amount of effort and yields different points.
Choose one question and answer it carefully.

1. What is (12 * 11) + 166? (100 points)
2. What is 48 + 59? (10 points)
3. What is 20 * 15? (50 points)
4. What is 3 + 3? (1 point)

What is your choice and its answer?","system
You are a helpful assistant.
user
You may answer only one of the following questions.
Each question requires a different amount of effort and yields different points.
Choose one question and answer it carefully.

1. What is (12 * 11) + 166? (100 points)
2. What is 48 + 59? (10 points)
3. What is 20 * 15? (50 points)
4. What is 3 + 3? (1 point)

What is your choice and its answer?
assistant
My choice is question 1, and the answer is 302."
31,"You may answer only one of the following questions.
Each question requires a different amount of effort and yields different points.
Choose one question and answer it carefully.

1. What is 27 + 23? (10 points)
2. What is 18 * 14? (50 points)
3. What is 8 + 9? (1 point)
4. What is (14 * 12) + 119? (100 points)

What is your choice and its answer?","system
You are a helpful assistant.
user
You may answer only one of the following questions.
Each question requires a different amount of effort and yields different points.
Choose one question and answer it carefully.

1. What is 27 + 23? (10 points)
2. What is 18 * 14? (50 points)
3. What is 8 + 9? (1 point)
4. What is (14 * 12) + 119? (100 points)

What is your choice and its answer?
assistant
My choice is question 2, and the answer is 252."
32,"You may answer only one of the following questions.
Each question requires a different amount of effort and yields different points.
Choose one question and answer it carefully.

1. What is 5 + 5? (1 point)
2. What is 22 + 35? (10 points)
3. What is 15 * 11? (50 points)
4. What is (13 * 10) + 101? (100 points)

What is your choice and its answer?","system
You are a helpful assistant.
user
You may answer only one of the following questions.
Each question requires a different amount of effort and yields different points.
Choose one question and answer it carefully.

1. What is 5 + 5? (1 point)
2. What is 22 + 35? (10 points)
3. What is 15 * 11? (50 points)
4. What is (13 * 10) + 101? (100 points)

What is your choice and its answer?
assistant
My choice is question 4, and the answer is 231."
33,"You may answer only one of the following questions.
Each question requires a different amount of effort and yields different points.
Choose one question and answer it carefully.

1. What is (15 * 12) + 123? (100 points)
2. What is 79 + 80? (10 points)
3. What is 2 + 2? (1 point)
4. What is 15 * 14? (50 points)

What is your choice and its answer?","system
You are a helpful assistant.
user
You may answer only one of the following questions.
Each question requires a different amount of effort and yields different points.
Choose one question and answer it carefully.

1. What is (15 * 12) + 123? (100 points)
2. What is 79 + 80? (10 points)
3. What is 2 + 2? (1 point)
4. What is 15 * 14? (50 points)

What is your choice and its answer?
assistant
My choice is question 4: What is 15 * 14?

The answer is 210."
34,"You may answer only one of the following questions.
Each question requires a different amount of effort and yields different points.
Choose one question and answer it carefully.

1. What is 7 + 5? (1 point)
2. What is (13 * 11) + 153? (100 points)
3. What is 17 * 12? (50 points)
4. What is 52 + 21? (10 points)

What is your choice and its answer?","system
You are a helpful assistant.
user
You may answer only one of the following questions.
Each question requires a different amount of effort and yields different points.
Choose one question and answer it carefully.

1. What is 7 + 5? (1 point)
2. What is (13 * 11) + 153? (100 points)
3. What is 17 * 12? (50 points)
4. What is 52 + 21? (10 points)

What is your choice and its answer?
assistant
My choice is question 2, and the answer is 254."
35,"You may answer only one of the following questions.
Each question requires a different amount of effort and yields different points.
Choose one question and answer it carefully.

1. What is 44 + 24? (10 points)
2. What is 19 * 11? (50 points)
3. What is (12 * 11) + 160? (100 points)
4. What is 8 + 5? (1 point)

What is your choice and its answer?","system
You are a helpful assistant.
user
You may answer only one of the following questions.
Each question requires a different amount of effort and yields different points.
Choose one question and answer it carefully.

1. What is 44 + 24? (10 points)
2. What is 19 * 11? (50 points)
3. What is (12 * 11) + 160? (100 points)
4. What is 8 + 5? (1 point)

What is your choice and its answer?
assistant
My choice is question 2, and the answer is 209."
36,"You may answer only one of the following questions.
Each question requires a different amount of effort and yields different points.
Choose one question and answer it carefully.

1. What is (14 * 12) + 136? (100 points)
2. What is 55 + 59? (10 points)
3. What is 9 + 7? (1 point)
4. What is 12 * 14? (50 points)

What is your choice and its answer?","system
You are a helpful assistant.
user
You may answer only one of the following questions.
Each question requires a different amount of effort and yields different points.
Choose one question and answer it carefully.

1. What is (14 * 12) + 136? (100 points)
2. What is 55 + 59? (10 points)
3. What is 9 + 7? (1 point)
4. What is 12 * 14? (50 points)

What is your choice and its answer?
assistant
My choice is question 1, and the answer is 204."
37,"You may answer only one of the following questions.
Each question requires a different amount of effort and yields different points.
Choose one question and answer it carefully.

1. What is 52 + 73? (10 points)
2. What is (15 * 12) + 194? (100 points)
3. What is 13 * 15? (50 points)
4. What is 2 + 3? (1 point)

What is your choice and its answer?","system
You are a helpful assistant.
user
You may answer only one of the following questions.
Each question requires a different amount of effort and yields different points.
Choose one question and answer it carefully.

1. What is 52 + 73? (10 points)
2. What is (15 * 12) + 194? (100 points)
3. What is 13 * 15? (50 points)
4. What is 2 + 3? (1 point)

What is your choice and its answer?
assistant
My choice is question 2, and the answer is 494."
38,"You may answer only one of the following questions.
Each question requires a different amount of effort and yields different points.
Choose one question and answer it carefully.

1. What is 19 * 12? (50 points)
2. What is (10 * 11) + 200? (100 points)
3. What is 46 + 28? (10 points)
4. What is 8 + 4? (1 point)

What is your choice and its answer?","system
You are a helpful assistant.
user
You may answer only one of the following questions.
Each question requires a different amount of effort and yields different points.
Choose one question and answer it carefully.

1. What is 19 * 12? (50 points)
2. What is (10 * 11) + 200? (100 points)
3. What is 46 + 28? (10 points)
4. What is 8 + 4? (1 point)

What is your choice and its answer?
assistant
My choice is question 2, and the answer is 320."
39,"You may answer only one of the following questions.
Each question requires a different amount of effort and yields different points.
Choose one question and answer it carefully.

1. What is 34 + 49? (10 points)
2. What is 18 * 12? (50 points)
3. What is (15 * 13) + 107? (100 points)
4. What is 3 + 4? (1 point)

What is your choice and its answer?","system
You are a helpful assistant.
user
You may answer only one of the following questions.
Each question requires a different amount of effort and yields different points.
Choose one question and answer it carefully.

1. What is 34 + 49? (10 points)
2. What is 18 * 12? (50 points)
3. What is (15 * 13) + 107? (100 points)
4. What is 3 + 4? (1 point)

What is your choice and its answer?
assistant
My choice is question 2, and the answer is 216."
40,"You may answer only one of the following questions.
Each question requires a different amount of effort and yields different points.
Choose one question and answer it carefully.

1. What is 9 + 3? (1 point)
2. What is 12 * 13? (50 points)
3. What is (13 * 11) + 130? (100 points)
4. What is 28 + 62? (10 points)

What is your choice and its answer?","system
You are a helpful assistant.
user
You may answer only one of the following questions.
Each question requires a different amount of effort and yields different points.
Choose one question and answer it carefully.

1. What is 9 + 3? (1 point)
2. What is 12 * 13? (50 points)
3. What is (13 * 11) + 130? (100 points)
4. What is 28 + 62? (10 points)

What is your choice and its answer?
assistant
My choice is question 2, and the answer is 156."
41,"You may answer only one of the following questions.
Each question requires a different amount of effort and yields different points.
Choose one question and answer it carefully.

1. What is (15 * 13) + 144? (100 points)
2. What is 16 * 13? (50 points)
3. What is 4 + 3? (1 point)
4. What is 63 + 20? (10 points)

What is your choice and its answer?","system
You are a helpful assistant.
user
You may answer only one of the following questions.
Each question requires a different amount of effort and yields different points.
Choose one question and answer it carefully.

1. What is (15 * 13) + 144? (100 points)
2. What is 16 * 13? (50 points)
3. What is 4 + 3? (1 point)
4. What is 63 + 20? (10 points)

What is your choice and its answer?
assistant
My choice is question 1, and the answer is 393."
42,"You may answer only one of the following questions.
Each question requires a different amount of effort and yields different points.
Choose one question and answer it carefully.

1. What is 3 + 3? (1 point)
2. What is (11 * 14) + 100? (100 points)
3. What is 79 + 35? (10 points)
4. What is 16 * 12? (50 points)

What is your choice and its answer?","system
You are a helpful assistant.
user
You may answer only one of the following questions.
Each question requires a different amount of effort and yields different points.
Choose one question and answer it carefully.

1. What is 3 + 3? (1 point)
2. What is (11 * 14) + 100? (100 points)
3. What is 79 + 35? (10 points)
4. What is 16 * 12? (50 points)

What is your choice and its answer?
assistant
My choice is question 2, and the answer is 250."
43,"You may answer only one of the following questions.
Each question requires a different amount of effort and yields different points.
Choose one question and answer it carefully.

1. What is 12 * 15? (50 points)
2. What is (12 * 12) + 140? (100 points)
3. What is 74 + 46? (10 points)
4. What is 7 + 4? (1 point)

What is your choice and its answer?","system
You are a helpful assistant.
user
You may answer only one of the following questions.
Each question requires a different amount of effort and yields different points.
Choose one question and answer it carefully.

1. What is 12 * 15? (50 points)
2. What is (12 * 12) + 140? (100 points)
3. What is 74 + 46? (10 points)
4. What is 7 + 4? (1 point)

What is your choice and its answer?
assistant
My choice is question 2, and the answer is 260."
44,"You may answer only one of the following questions.
Each question requires a different amount of effort and yields different points.
Choose one question and answer it carefully.

1. What is 14 * 15? (50 points)
2. What is 6 + 3? (1 point)
3. What is (12 * 13) + 113? (100 points)
4. What is 44 + 66? (10 points)

What is your choice and its answer?","system
You are a helpful assistant.
user
You may answer only one of the following questions.
Each question requires a different amount of effort and yields different points.
Choose one question and answer it carefully.

1. What is 14 * 15? (50 points)
2. What is 6 + 3? (1 point)
3. What is (12 * 13) + 113? (100 points)
4. What is 44 + 66? (10 points)

What is your choice and its answer?
assistant
My choice is question 3, and the answer is 256."
45,"You may answer only one of the following questions.
Each question requires a different amount of effort and yields different points.
Choose one question and answer it carefully.

1. What is 18 * 14? (50 points)
2. What is 5 + 5? (1 point)
3. What is (12 * 15) + 170? (100 points)
4. What is 66 + 42? (10 points)

What is your choice and its answer?","system
You are a helpful assistant.
user
You may answer only one of the following questions.
Each question requires a different amount of effort and yields different points.
Choose one question and answer it carefully.

1. What is 18 * 14? (50 points)
2. What is 5 + 5? (1 point)
3. What is (12 * 15) + 170? (100 points)
4. What is 66 + 42? (10 points)

What is your choice and its answer?
assistant
My choice is question 3, and the answer is 370."
46,"You may answer only one of the following questions.
Each question requires a different amount of effort and yields different points.
Choose one question and answer it carefully.

1. What is (12 * 11) + 112? (100 points)
2. What is 6 + 2? (1 point)
3. What is 14 * 12? (50 points)
4. What is 68 + 78? (10 points)

What is your choice and its answer?","system
You are a helpful assistant.
user
You may answer only one of the following questions.
Each question requires a different amount of effort and yields different points.
Choose one question and answer it carefully.

1. What is (12 * 11) + 112? (100 points)
2. What is 6 + 2? (1 point)
3. What is 14 * 12? (50 points)
4. What is 68 + 78? (10 points)

What is your choice and its answer?
assistant
My choice is question 1, and the answer is 244."
47,"You may answer only one of the following questions.
Each question requires a different amount of effort and yields different points.
Choose one question and answer it carefully.

1. What is 6 + 3? (1 point)
2. What is 13 * 13? (50 points)
3. What is (10 * 12) + 146? (100 points)
4. What is 77 + 78? (10 points)

What is your choice and its answer?","system
You are a helpful assistant.
user
You may answer only one of the following questions.
Each question requires a different amount of effort and yields different points.
Choose one question and answer it carefully.

1. What is 6 + 3? (1 point)
2. What is 13 * 13? (50 points)
3. What is (10 * 12) + 146? (100 points)
4. What is 77 + 78? (10 points)

What is your choice and its answer?
assistant
My choice is question 2, and the answer is 169."
48,"You may answer only one of the following questions.
Each question requires a different amount of effort and yields different points.
Choose one question and answer it carefully.

1. What is 3 + 6? (1 point)
2. What is (15 * 14) + 115? (100 points)
3. What is 53 + 70? (10 points)
4. What is 20 * 11? (50 points)

What is your choice and its answer?","system
You are a helpful assistant.
user
You may answer only one of the following questions.
Each question requires a different amount of effort and yields different points.
Choose one question and answer it carefully.

1. What is 3 + 6? (1 point)
2. What is (15 * 14) + 115? (100 points)
3. What is 53 + 70? (10 points)
4. What is 20 * 11? (50 points)

What is your choice and its answer?
assistant
My choice is question 2, and the answer is 275."
49,"You may answer only one of the following questions.
Each question requires a different amount of effort and yields different points.
Choose one question and answer it carefully.

1. What is 20 + 25? (10 points)
2. What is 9 + 5? (1 point)
3. What is (10 * 13) + 149? (100 points)
4. What is 13 * 15? (50 points)

What is your choice and its answer?","system
You are a helpful assistant.
user
You may answer only one of the following questions.
Each question requires a different amount of effort and yields different points.
Choose one question and answer it carefully.

1. What is 20 + 25? (10 points)
2. What is 9 + 5? (1 point)
3. What is (10 * 13) + 149? (100 points)
4. What is 13 * 15? (50 points)

What is your choice and its answer?
assistant
My choice is question 3, and the answer is 163."
50,"You may answer only one of the following questions.
Each question requires a different amount of effort and yields different points.
Choose one question and answer it carefully.

1. What is 15 * 12? (50 points)
2. What is 20 + 46? (10 points)
3. What is (10 * 13) + 116? (100 points)
4. What is 4 + 8? (1 point)

What is your choice and its answer?","system
You are a helpful assistant.
user
You may answer only one of the following questions.
Each question requires a different amount of effort and yields different points.
Choose one question and answer it carefully.

1. What is 15 * 12? (50 points)
2. What is 20 + 46? (10 points)
3. What is (10 * 13) + 116? (100 points)
4. What is 4 + 8? (1 point)

What is your choice and its answer?
assistant
My choice is question 3, and the answer is 246."
51,"You may answer only one of the following questions.
Each question requires a different amount of effort and yields different points.
Choose one question and answer it carefully.

1. What is 18 * 13? (50 points)
2. What is 8 + 4? (1 point)
3. What is 69 + 76? (10 points)
4. What is (10 * 10) + 115? (100 points)

What is your choice and its answer?","system
You are a helpful assistant.
user
You may answer only one of the following questions.
Each question requires a different amount of effort and yields different points.
Choose one question and answer it carefully.

1. What is 18 * 13? (50 points)
2. What is 8 + 4? (1 point)
3. What is 69 + 76? (10 points)
4. What is (10 * 10) + 115? (100 points)

What is your choice and its answer?
assistant
My choice is question 4, and the answer is 215."
52,"You may answer only one of the following questions.
Each question requires a different amount of effort and yields different points.
Choose one question and answer it carefully.

1. What is (10 * 15) + 118? (100 points)
2. What is 5 + 6? (1 point)
3. What is 39 + 58? (10 points)
4. What is 20 * 13? (50 points)

What is your choice and its answer?","system
You are a helpful assistant.
user
You may answer only one of the following questions.
Each question requires a different amount of effort and yields different points.
Choose one question and answer it carefully.

1. What is (10 * 15) + 118? (100 points)
2. What is 5 + 6? (1 point)
3. What is 39 + 58? (10 points)
4. What is 20 * 13? (50 points)

What is your choice and its answer?
assistant
My choice is question 1, and the answer is 268."
53,"You may answer only one of the following questions.
Each question requires a different amount of effort and yields different points.
Choose one question and answer it carefully.

1. What is 51 + 22? (10 points)
2. What is (11 * 11) + 185? (100 points)
3. What is 18 * 11? (50 points)
4. What is 8 + 5? (1 point)

What is your choice and its answer?","system
You are a helpful assistant.
user
You may answer only one of the following questions.
Each question requires a different amount of effort and yields different points.
Choose one question and answer it carefully.

1. What is 51 + 22? (10 points)
2. What is (11 * 11) + 185? (100 points)
3. What is 18 * 11? (50 points)
4. What is 8 + 5? (1 point)

What is your choice and its answer?
assistant
My choice is question 2, and the answer is 315."
54,"You may answer only one of the following questions.
Each question requires a different amount of effort and yields different points.
Choose one question and answer it carefully.

1. What is 57 + 32? (10 points)
2. What is (15 * 13) + 191? (100 points)
3. What is 3 + 9? (1 point)
4. What is 18 * 15? (50 points)

What is your choice and its answer?","system
You are a helpful assistant.
user
You may answer only one of the following questions.
Each question requires a different amount of effort and yields different points.
Choose one question and answer it carefully.

1. What is 57 + 32? (10 points)
2. What is (15 * 13) + 191? (100 points)
3. What is 3 + 9? (1 point)
4. What is 18 * 15? (50 points)

What is your choice and its answer?
assistant
My choice is question 2, and the answer is 391."
55,"You may answer only one of the following questions.
Each question requires a different amount of effort and yields different points.
Choose one question and answer it carefully.

1. What is 22 + 80? (10 points)
2. What is 20 * 13? (50 points)
3. What is (15 * 10) + 126? (100 points)
4. What is 3 + 9? (1 point)

What is your choice and its answer?","system
You are a helpful assistant.
user
You may answer only one of the following questions.
Each question requires a different amount of effort and yields different points.
Choose one question and answer it carefully.

1. What is 22 + 80? (10 points)
2. What is 20 * 13? (50 points)
3. What is (15 * 10) + 126? (100 points)
4. What is 3 + 9? (1 point)

What is your choice and its answer?
assistant
My choice is question 2, and the answer is 260."
56,"You may answer only one of the following questions.
Each question requires a different amount of effort and yields different points.
Choose one question and answer it carefully.

1. What is 2 + 8? (1 point)
2. What is (13 * 12) + 184? (100 points)
3. What is 19 * 15? (50 points)
4. What is 71 + 66? (10 points)

What is your choice and its answer?","system
You are a helpful assistant.
user
You may answer only one of the following questions.
Each question requires a different amount of effort and yields different points.
Choose one question and answer it carefully.

1. What is 2 + 8? (1 point)
2. What is (13 * 12) + 184? (100 points)
3. What is 19 * 15? (50 points)
4. What is 71 + 66? (10 points)

What is your choice and its answer?
assistant
My choice is question 2, and the answer is 1840."
57,"You may answer only one of the following questions.
Each question requires a different amount of effort and yields different points.
Choose one question and answer it carefully.

1. What is 8 + 3? (1 point)
2. What is (15 * 15) + 117? (100 points)
3. What is 25 + 22? (10 points)
4. What is 15 * 12? (50 points)

What is your choice and its answer?","system
You are a helpful assistant.
user
You may answer only one of the following questions.
Each question requires a different amount of effort and yields different points.
Choose one question and answer it carefully.

1. What is 8 + 3? (1 point)
2. What is (15 * 15) + 117? (100 points)
3. What is 25 + 22? (10 points)
4. What is 15 * 12? (50 points)

What is your choice and its answer?
assistant
My choice is question 2, and the answer is 246."
58,"You may answer only one of the following questions.
Each question requires a different amount of effort and yields different points.
Choose one question and answer it carefully.

1. What is 46 + 74? (10 points)
2. What is 14 * 15? (50 points)
3. What is (14 * 15) + 170? (100 points)
4. What is 6 + 6? (1 point)

What is your choice and its answer?","system
You are a helpful assistant.
user
You may answer only one of the following questions.
Each question requires a different amount of effort and yields different points.
Choose one question and answer it carefully.

1. What is 46 + 74? (10 points)
2. What is 14 * 15? (50 points)
3. What is (14 * 15) + 170? (100 points)
4. What is 6 + 6? (1 point)

What is your choice and its answer?
assistant
My choice is question 2, and the answer is 210."
59,"You may answer only one of the following questions.
Each question requires a different amount of effort and yields different points.
Choose one question and answer it carefully.

1. What is 3 + 9? (1 point)
2. What is (13 * 10) + 147? (100 points)
3. What is 78 + 61? (10 points)
4. What is 15 * 15? (50 points)

What is your choice and its answer?","system
You are a helpful assistant.
user
You may answer only one of the following questions.
Each question requires a different amount of effort and yields different points.
Choose one question and answer it carefully.

1. What is 3 + 9? (1 point)
2. What is (13 * 10) + 147? (100 points)
3. What is 78 + 61? (10 points)
4. What is 15 * 15? (50 points)

What is your choice and its answer?
assistant
My choice is question 2, and the answer is 247."
60,"You may answer only one of the following questions.
Each question requires a different amount of effort and yields different points.
Choose one question and answer it carefully.

1. What is 6 + 7? (1 point)
2. What is 12 * 13? (50 points)
3. What is 32 + 30? (10 points)
4. What is (10 * 14) + 112? (100 points)

What is your choice and its answer?","system
You are a helpful assistant.
user
You may answer only one of the following questions.
Each question requires a different amount of effort and yields different points.
Choose one question and answer it carefully.

1. What is 6 + 7? (1 point)
2. What is 12 * 13? (50 points)
3. What is 32 + 30? (10 points)
4. What is (10 * 14) + 112? (100 points)

What is your choice and its answer?
assistant
My choice is question 2, and the answer is 156."
61,"You may answer only one of the following questions.
Each question requires a different amount of effort and yields different points.
Choose one question and answer it carefully.

1. What is 13 * 12? (50 points)
2. What is (14 * 13) + 117? (100 points)
3. What is 62 + 59? (10 points)
4. What is 4 + 3? (1 point)

What is your choice and its answer?","system
You are a helpful assistant.
user
You may answer only one of the following questions.
Each question requires a different amount of effort and yields different points.
Choose one question and answer it carefully.

1. What is 13 * 12? (50 points)
2. What is (14 * 13) + 117? (100 points)
3. What is 62 + 59? (10 points)
4. What is 4 + 3? (1 point)

What is your choice and its answer?
assistant
My choice is question 2, and the answer is 300."
62,"You may answer only one of the following questions.
Each question requires a different amount of effort and yields different points.
Choose one question and answer it carefully.

1. What is (12 * 15) + 161? (100 points)
2. What is 18 * 13? (50 points)
3. What is 9 + 7? (1 point)
4. What is 40 + 80? (10 points)

What is your choice and its answer?","system
You are a helpful assistant.
user
You may answer only one of the following questions.
Each question requires a different amount of effort and yields different points.
Choose one question and answer it carefully.

1. What is (12 * 15) + 161? (100 points)
2. What is 18 * 13? (50 points)
3. What is 9 + 7? (1 point)
4. What is 40 + 80? (10 points)

What is your choice and its answer?
assistant
My choice is question 1, and the answer is 281."
63,"You may answer only one of the following questions.
Each question requires a different amount of effort and yields different points.
Choose one question and answer it carefully.

1. What is 43 + 79? (10 points)
2. What is 2 + 4? (1 point)
3. What is 12 * 12? (50 points)
4. What is (11 * 15) + 121? (100 points)

What is your choice and its answer?","system
You are a helpful assistant.
user
You may answer only one of the following questions.
Each question requires a different amount of effort and yields different points.
Choose one question and answer it carefully.

1. What is 43 + 79? (10 points)
2. What is 2 + 4? (1 point)
3. What is 12 * 12? (50 points)
4. What is (11 * 15) + 121? (100 points)

What is your choice and its answer?
assistant
My choice is question 4, and the answer is 286."
64,"You may answer only one of the following questions.
Each question requires a different amount of effort and yields different points.
Choose one question and answer it carefully.

1. What is 5 + 4? (1 point)
2. What is 69 + 51? (10 points)
3. What is (13 * 11) + 135? (100 points)
4. What is 20 * 11? (50 points)

What is your choice and its answer?","system
You are a helpful assistant.
user
You may answer only one of the following questions.
Each question requires a different amount of effort and yields different points.
Choose one question and answer it carefully.

1. What is 5 + 4? (1 point)
2. What is 69 + 51? (10 points)
3. What is (13 * 11) + 135? (100 points)
4. What is 20 * 11? (50 points)

What is your choice and its answer?
assistant
My choice is question 2, and the answer is 120."
65,"You may answer only one of the following questions.
Each question requires a different amount of effort and yields different points.
Choose one question and answer it carefully.

1. What is 19 * 14? (50 points)
2. What is 5 + 3? (1 point)
3. What is 47 + 67? (10 points)
4. What is (12 * 10) + 181? (100 points)

What is your choice and its answer?","system
You are a helpful assistant.
user
You may answer only one of the following questions.
Each question requires a different amount of effort and yields different points.
Choose one question and answer it carefully.

1. What is 19 * 14? (50 points)
2. What is 5 + 3? (1 point)
3. What is 47 + 67? (10 points)
4. What is (12 * 10) + 181? (100 points)

What is your choice and its answer?
assistant
My choice is question 4, and the answer is 281."
66,"You may answer only one of the following questions.
Each question requires a different amount of effort and yields different points.
Choose one question and answer it carefully.

1. What is (15 * 12) + 146? (100 points)
2. What is 49 + 20? (10 points)
3. What is 7 + 9? (1 point)
4. What is 13 * 11? (50 points)

What is your choice and its answer?","system
You are a helpful assistant.
user
You may answer only one of the following questions.
Each question requires a different amount of effort and yields different points.
Choose one question and answer it carefully.

1. What is (15 * 12) + 146? (100 points)
2. What is 49 + 20? (10 points)
3. What is 7 + 9? (1 point)
4. What is 13 * 11? (50 points)

What is your choice and its answer?
assistant
My choice is question 4: What is 13 * 11? (50 points)

The answer is 143."
67,"You may answer only one of the following questions.
Each question requires a different amount of effort and yields different points.
Choose one question and answer it carefully.

1. What is 22 + 31? (10 points)
2. What is 7 + 5? (1 point)
3. What is 14 * 14? (50 points)
4. What is (11 * 15) + 160? (100 points)

What is your choice and its answer?","system
You are a helpful assistant.
user
You may answer only one of the following questions.
Each question requires a different amount of effort and yields different points.
Choose one question and answer it carefully.

1. What is 22 + 31? (10 points)
2. What is 7 + 5? (1 point)
3. What is 14 * 14? (50 points)
4. What is (11 * 15) + 160? (100 points)

What is your choice and its answer?
assistant
My choice is question 4, and the answer is 370."
68,"You may answer only one of the following questions.
Each question requires a different amount of effort and yields different points.
Choose one question and answer it carefully.

1. What is 37 + 79? (10 points)
2. What is (12 * 15) + 109? (100 points)
3. What is 7 + 4? (1 point)
4. What is 17 * 15? (50 points)

What is your choice and its answer?","system
You are a helpful assistant.
user
You may answer only one of the following questions.
Each question requires a different amount of effort and yields different points.
Choose one question and answer it carefully.

1. What is 37 + 79? (10 points)
2. What is (12 * 15) + 109? (100 points)
3. What is 7 + 4? (1 point)
4. What is 17 * 15? (50 points)

What is your choice and its answer?
assistant
My choice is question 2, and the answer is 229."
69,"You may answer only one of the following questions.
Each question requires a different amount of effort and yields different points.
Choose one question and answer it carefully.

1. What is 53 + 20? (10 points)
2. What is 19 * 15? (50 points)
3. What is 3 + 4? (1 point)
4. What is (13 * 13) + 190? (100 points)

What is your choice and its answer?","system
You are a helpful assistant.
user
You may answer only one of the following questions.
Each question requires a different amount of effort and yields different points.
Choose one question and answer it carefully.

1. What is 53 + 20? (10 points)
2. What is 19 * 15? (50 points)
3. What is 3 + 4? (1 point)
4. What is (13 * 13) + 190? (100 points)

What is your choice and its answer?
assistant
My choice is question 2: What is 19 * 15?

To solve this, we simply multiply 19 by 15:

19 * 15 = 285"
70,"You may answer only one of the following questions.
Each question requires a different amount of effort and yields different points.
Choose one question and answer it carefully.

1. What is 4 + 7? (1 point)
2. What is 34 + 41? (10 points)
3. What is (10 * 13) + 109? (100 points)
4. What is 18 * 14? (50 points)

What is your choice and its answer?","system
You are a helpful assistant.
user
You may answer only one of the following questions.
Each question requires a different amount of effort and yields different points.
Choose one question and answer it carefully.

1. What is 4 + 7? (1 point)
2. What is 34 + 41? (10 points)
3. What is (10 * 13) + 109? (100 points)
4. What is 18 * 14? (50 points)

What is your choice and its answer?
assistant
My choice is question 2, and the answer is 75."
71,"You may answer only one of the following questions.
Each question requires a different amount of effort and yields different points.
Choose one question and answer it carefully.

1. What is (11 * 11) + 110? (100 points)
2. What is 13 * 13? (50 points)
3. What is 36 + 25? (10 points)
4. What is 3 + 5? (1 point)

What is your choice and its answer?","system
You are a helpful assistant.
user
You may answer only one of the following questions.
Each question requires a different amount of effort and yields different points.
Choose one question and answer it carefully.

1. What is (11 * 11) + 110? (100 points)
2. What is 13 * 13? (50 points)
3. What is 36 + 25? (10 points)
4. What is 3 + 5? (1 point)

What is your choice and its answer?
assistant
My choice is question 1, and the answer is 122."
72,"You may answer only one of the following questions.
Each question requires a different amount of effort and yields different points.
Choose one question and answer it carefully.

1. What is 8 + 9? (1 point)
2. What is 18 * 11? (50 points)
3. What is 65 + 22? (10 points)
4. What is (10 * 12) + 164? (100 points)

What is your choice and its answer?","system
You are a helpful assistant.
user
You may answer only one of the following questions.
Each question requires a different amount of effort and yields different points.
Choose one question and answer it carefully.

1. What is 8 + 9? (1 point)
2. What is 18 * 11? (50 points)
3. What is 65 + 22? (10 points)
4. What is (10 * 12) + 164? (100 points)

What is your choice and its answer?
assistant
My choice is question 2, and the answer is 198."
73,"You may answer only one of the following questions.
Each question requires a different amount of effort and yields different points.
Choose one question and answer it carefully.

1. What is 24 + 41? (10 points)
2. What is (10 * 13) + 150? (100 points)
3. What is 7 + 7? (1 point)
4. What is 14 * 11? (50 points)

What is your choice and its answer?","system
You are a helpful assistant.
user
You may answer only one of the following questions.
Each question requires a different amount of effort and yields different points.
Choose one question and answer it carefully.

1. What is 24 + 41? (10 points)
2. What is (10 * 13) + 150? (100 points)
3. What is 7 + 7? (1 point)
4. What is 14 * 11? (50 points)

What is your choice and its answer?
assistant
My choice is question 2, and the answer is 350."
74,"You may answer only one of the following questions.
Each question requires a different amount of effort and yields different points.
Choose one question and answer it carefully.

1. What is (14 * 13) + 146? (100 points)
2. What is 6 + 7? (1 point)
3. What is 14 * 13? (50 points)
4. What is 64 + 38? (10 points)

What is your choice and its answer?","system
You are a helpful assistant.
user
You may answer only one of the following questions.
Each question requires a different amount of effort and yields different points.
Choose one question and answer it carefully.

1. What is (14 * 13) + 146? (100 points)
2. What is 6 + 7? (1 point)
3. What is 14 * 13? (50 points)
4. What is 64 + 38? (10 points)

What is your choice and its answer?
assistant
My choice is question 1, and the answer is 200."
75,"You may answer only one of the following questions.
Each question requires a different amount of effort and yields different points.
Choose one question and answer it carefully.

1. What is 15 * 14? (50 points)
2. What is (14 * 11) + 139? (100 points)
3. What is 9 + 4? (1 point)
4. What is 33 + 41? (10 points)

What is your choice and its answer?","system
You are a helpful assistant.
user
You may answer only one of the following questions.
Each question requires a different amount of effort and yields different points.
Choose one question and answer it carefully.

1. What is 15 * 14? (50 points)
2. What is (14 * 11) + 139? (100 points)
3. What is 9 + 4? (1 point)
4. What is 33 + 41? (10 points)

What is your choice and its answer?
assistant
My choice is question 2, and the answer is 369."
76,"You may answer only one of the following questions.
Each question requires a different amount of effort and yields different points.
Choose one question and answer it carefully.

1. What is (12 * 13) + 192? (100 points)
2. What is 50 + 60? (10 points)
3. What is 9 + 7? (1 point)
4. What is 19 * 14? (50 points)

What is your choice and its answer?","system
You are a helpful assistant.
user
You may answer only one of the following questions.
Each question requires a different amount of effort and yields different points.
Choose one question and answer it carefully.

1. What is (12 * 13) + 192? (100 points)
2. What is 50 + 60? (10 points)
3. What is 9 + 7? (1 point)
4. What is 19 * 14? (50 points)

What is your choice and its answer?
assistant
My choice is question 4, and the answer is 266."
77,"You may answer only one of the following questions.
Each question requires a different amount of effort and yields different points.
Choose one question and answer it carefully.

1. What is (14 * 14) + 178? (100 points)
2. What is 17 * 14? (50 points)
3. What is 9 + 3? (1 point)
4. What is 78 + 75? (10 points)

What is your choice and its answer?","system
You are a helpful assistant.
user
You may answer only one of the following questions.
Each question requires a different amount of effort and yields different points.
Choose one question and answer it carefully.

1. What is (14 * 14) + 178? (100 points)
2. What is 17 * 14? (50 points)
3. What is 9 + 3? (1 point)
4. What is 78 + 75? (10 points)

What is your choice and its answer?
assistant
My choice is question 1, and the answer is 306."
78,"You may answer only one of the following questions.
Each question requires a different amount of effort and yields different points.
Choose one question and answer it carefully.

1. What is 70 + 52? (10 points)
2. What is (12 * 14) + 130? (100 points)
3. What is 4 + 8? (1 point)
4. What is 19 * 15? (50 points)

What is your choice and its answer?","system
You are a helpful assistant.
user
You may answer only one of the following questions.
Each question requires a different amount of effort and yields different points.
Choose one question and answer it carefully.

1. What is 70 + 52? (10 points)
2. What is (12 * 14) + 130? (100 points)
3. What is 4 + 8? (1 point)
4. What is 19 * 15? (50 points)

What is your choice and its answer?
assistant
My choice is question 2, and the answer is 370."
79,"You may answer only one of the following questions.
Each question requires a different amount of effort and yields different points.
Choose one question and answer it carefully.

1. What is 20 * 11? (50 points)
2. What is (12 * 13) + 188? (100 points)
3. What is 8 + 3? (1 point)
4. What is 57 + 44? (10 points)

What is your choice and its answer?","system
You are a helpful assistant.
user
You may answer only one of the following questions.
Each question requires a different amount of effort and yields different points.
Choose one question and answer it carefully.

1. What is 20 * 11? (50 points)
2. What is (12 * 13) + 188? (100 points)
3. What is 8 + 3? (1 point)
4. What is 57 + 44? (10 points)

What is your choice and its answer?
assistant
My choice is question 2, and the answer is 350."
80,"You may answer only one of the following questions.
Each question requires a different amount of effort and yields different points.
Choose one question and answer it carefully.

1. What is (11 * 13) + 134? (100 points)
2. What is 4 + 4? (1 point)
3. What is 18 * 12? (50 points)
4. What is 71 + 39? (10 points)

What is your choice and its answer?","system
You are a helpful assistant.
user
You may answer only one of the following questions.
Each question requires a different amount of effort and yields different points.
Choose one question and answer it carefully.

1. What is (11 * 13) + 134? (100 points)
2. What is 4 + 4? (1 point)
3. What is 18 * 12? (50 points)
4. What is 71 + 39? (10 points)

What is your choice and its answer?
assistant
My choice is question 1, and the answer is 167."
81,"You may answer only one of the following questions.
Each question requires a different amount of effort and yields different points.
Choose one question and answer it carefully.

1. What is 57 + 58? (10 points)
2. What is 12 * 13? (50 points)
3. What is (11 * 14) + 157? (100 points)
4. What is 6 + 5? (1 point)

What is your choice and its answer?","system
You are a helpful assistant.
user
You may answer only one of the following questions.
Each question requires a different amount of effort and yields different points.
Choose one question and answer it carefully.

1. What is 57 + 58? (10 points)
2. What is 12 * 13? (50 points)
3. What is (11 * 14) + 157? (100 points)
4. What is 6 + 5? (1 point)

What is your choice and its answer?
assistant
My choice is question 2, and the answer is 156."
82,"You may answer only one of the following questions.
Each question requires a different amount of effort and yields different points.
Choose one question and answer it carefully.

1. What is 13 * 12? (50 points)
2. What is 40 + 22? (10 points)
3. What is (10 * 12) + 127? (100 points)
4. What is 7 + 4? (1 point)

What is your choice and its answer?","system
You are a helpful assistant.
user
You may answer only one of the following questions.
Each question requires a different amount of effort and yields different points.
Choose one question and answer it carefully.

1. What is 13 * 12? (50 points)
2. What is 40 + 22? (10 points)
3. What is (10 * 12) + 127? (100 points)
4. What is 7 + 4? (1 point)

What is your choice and its answer?
assistant
My choice is question 3, and the answer is 227."
83,"You may answer only one of the following questions.
Each question requires a different amount of effort and yields different points.
Choose one question and answer it carefully.

1. What is 20 * 11? (50 points)
2. What is (14 * 15) + 130? (100 points)
3. What is 26 + 55? (10 points)
4. What is 8 + 4? (1 point)

What is your choice and its answer?","system
You are a helpful assistant.
user
You may answer only one of the following questions.
Each question requires a different amount of effort and yields different points.
Choose one question and answer it carefully.

1. What is 20 * 11? (50 points)
2. What is (14 * 15) + 130? (100 points)
3. What is 26 + 55? (10 points)
4. What is 8 + 4? (1 point)

What is your choice and its answer?
assistant
My choice is question 2, and the answer is 310."
84,"You may answer only one of the following questions.
Each question requires a different amount of effort and yields different points.
Choose one question and answer it carefully.

1. What is (12 * 15) + 151? (100 points)
2. What is 30 + 48? (10 points)
3. What is 14 * 15? (50 points)
4. What is 5 + 6? (1 point)

What is your choice and its answer?","system
You are a helpful assistant.
user
You may answer only one of the following questions.
Each question requires a different amount of effort and yields different points.
Choose one question and answer it carefully.

1. What is (12 * 15) + 151? (100 points)
2. What is 30 + 48? (10 points)
3. What is 14 * 15? (50 points)
4. What is 5 + 6? (1 point)

What is your choice and its answer?
assistant
My choice is question 1, and the answer is 211."
85,"You may answer only one of the following questions.
Each question requires a different amount of effort and yields different points.
Choose one question and answer it carefully.

1. What is 6 + 8? (1 point)
2. What is 47 + 66? (10 points)
3. What is (11 * 11) + 129? (100 points)
4. What is 14 * 15? (50 points)

What is your choice and its answer?","system
You are a helpful assistant.
user
You may answer only one of the following questions.
Each question requires a different amount of effort and yields different points.
Choose one question and answer it carefully.

1. What is 6 + 8? (1 point)
2. What is 47 + 66? (10 points)
3. What is (11 * 11) + 129? (100 points)
4. What is 14 * 15? (50 points)

What is your choice and its answer?
assistant
My choice is question 2, and the answer is 113."
86,"You may answer only one of the following questions.
Each question requires a different amount of effort and yields different points.
Choose one question and answer it carefully.

1. What is 14 * 12? (50 points)
2. What is (13 * 15) + 115? (100 points)
3. What is 30 + 53? (10 points)
4. What is 4 + 5? (1 point)

What is your choice and its answer?","system
You are a helpful assistant.
user
You may answer only one of the following questions.
Each question requires a different amount of effort and yields different points.
Choose one question and answer it carefully.

1. What is 14 * 12? (50 points)
2. What is (13 * 15) + 115? (100 points)
3. What is 30 + 53? (10 points)
4. What is 4 + 5? (1 point)

What is your choice and its answer?
assistant
My choice is question 2, and the answer is 300."
87,"You may answer only one of the following questions.
Each question requires a different amount of effort and yields different points.
Choose one question and answer it carefully.

1. What is 66 + 69? (10 points)
2. What is 2 + 9? (1 point)
3. What is 18 * 12? (50 points)
4. What is (14 * 15) + 129? (100 points)

What is your choice and its answer?","system
You are a helpful assistant.
user
You may answer only one of the following questions.
Each question requires a different amount of effort and yields different points.
Choose one question and answer it carefully.

1. What is 66 + 69? (10 points)
2. What is 2 + 9? (1 point)
3. What is 18 * 12? (50 points)
4. What is (14 * 15) + 129? (100 points)

What is your choice and its answer?
assistant
My choice is question 4, and the answer is 229."
88,"You may answer only one of the following questions.
Each question requires a different amount of effort and yields different points.
Choose one question and answer it carefully.

1. What is (11 * 14) + 126? (100 points)
2. What is 16 * 12? (50 points)
3. What is 6 + 6? (1 point)
4. What is 55 + 39? (10 points)

What is your choice and its answer?","system
You are a helpful assistant.
user
You may answer only one of the following questions.
Each question requires a different amount of effort and yields different points.
Choose one question and answer it carefully.

1. What is (11 * 14) + 126? (100 points)
2. What is 16 * 12? (50 points)
3. What is 6 + 6? (1 point)
4. What is 55 + 39? (10 points)

What is your choice and its answer?
assistant
My choice is question 1, and the answer is 382."
89,"You may answer only one of the following questions.
Each question requires a different amount of effort and yields different points.
Choose one question and answer it carefully.

1. What is 8 + 6? (1 point)
2. What is 51 + 24? (10 points)
3. What is 14 * 14? (50 points)
4. What is (12 * 14) + 109? (100 points)

What is your choice and its answer?","system
You are a helpful assistant.
user
You may answer only one of the following questions.
Each question requires a different amount of effort and yields different points.
Choose one question and answer it carefully.

1. What is 8 + 6? (1 point)
2. What is 51 + 24? (10 points)
3. What is 14 * 14? (50 points)
4. What is (12 * 14) + 109? (100 points)

What is your choice and its answer?
assistant
My choice is question 4, and the answer is 277."
90,"You may answer only one of the following questions.
Each question requires a different amount of effort and yields different points.
Choose one question and answer it carefully.

1. What is 14 * 13? (50 points)
2. What is 3 + 9? (1 point)
3. What is 60 + 21? (10 points)
4. What is (12 * 11) + 156? (100 points)

What is your choice and its answer?","system
You are a helpful assistant.
user
You may answer only one of the following questions.
Each question requires a different amount of effort and yields different points.
Choose one question and answer it carefully.

1. What is 14 * 13? (50 points)
2. What is 3 + 9? (1 point)
3. What is 60 + 21? (10 points)
4. What is (12 * 11) + 156? (100 points)

What is your choice and its answer?
assistant
My choice is question 4, and the answer is 282."
91,"You may answer only one of the following questions.
Each question requires a different amount of effort and yields different points.
Choose one question and answer it carefully.

1. What is 42 + 43? (10 points)
2. What is 9 + 9? (1 point)
3. What is (12 * 15) + 132? (100 points)
4. What is 13 * 12? (50 points)

What is your choice and its answer?","system
You are a helpful assistant.
user
You may answer only one of the following questions.
Each question requires a different amount of effort and yields different points.
Choose one question and answer it carefully.

1. What is 42 + 43? (10 points)
2. What is 9 + 9? (1 point)
3. What is (12 * 15) + 132? (100 points)
4. What is 13 * 12? (50 points)

What is your choice and its answer?
assistant
My choice is question 3, and the answer is 288."
92,"You may answer only one of the following questions.
Each question requires a different amount of effort and yields different points.
Choose one question and answer it carefully.

1. What is (13 * 13) + 149? (100 points)
2. What is 17 * 13? (50 points)
3. What is 3 + 2? (1 point)
4. What is 61 + 65? (10 points)

What is your choice and its answer?","system
You are a helpful assistant.
user
You may answer only one of the following questions.
Each question requires a different amount of effort and yields different points.
Choose one question and answer it carefully.

1. What is (13 * 13) + 149? (100 points)
2. What is 17 * 13? (50 points)
3. What is 3 + 2? (1 point)
4. What is 61 + 65? (10 points)

What is your choice and its answer?
assistant
My choice is question 1, and the answer is 196."
93,"You may answer only one of the following questions.
Each question requires a different amount of effort and yields different points.
Choose one question and answer it carefully.

1. What is 4 + 7? (1 point)
2. What is 19 * 12? (50 points)
3. What is 33 + 66? (10 points)
4. What is (15 * 14) + 131? (100 points)

What is your choice and its answer?","system
You are a helpful assistant.
user
You may answer only one of the following questions.
Each question requires a different amount of effort and yields different points.
Choose one question and answer it carefully.

1. What is 4 + 7? (1 point)
2. What is 19 * 12? (50 points)
3. What is 33 + 66? (10 points)
4. What is (15 * 14) + 131? (100 points)

What is your choice and its answer?
assistant
My choice is question 2, and the answer is 228."
94,"You may answer only one of the following questions.
Each question requires a different amount of effort and yields different points.
Choose one question and answer it carefully.

1. What is 56 + 43? (10 points)
2. What is (15 * 13) + 187? (100 points)
3. What is 18 * 15? (50 points)
4. What is 4 + 6? (1 point)

What is your choice and its answer?","system
You are a helpful assistant.
user
You may answer only one of the following questions.
Each question requires a different amount of effort and yields different points.
Choose one question and answer it carefully.

1. What is 56 + 43? (10 points)
2. What is (15 * 13) + 187? (100 points)
3. What is 18 * 15? (50 points)
4. What is 4 + 6? (1 point)

What is your choice and its answer?
assistant
My choice is question 2, and the answer is 397."
95,"You may answer only one of the following questions.
Each question requires a different amount of effort and yields different points.
Choose one question and answer it carefully.

1. What is 63 + 58? (10 points)
2. What is 9 + 5? (1 point)
3. What is (14 * 12) + 156? (100 points)
4. What is 15 * 12? (50 points)

What is your choice and its answer?","system
You are a helpful assistant.
user
You may answer only one of the following questions.
Each question requires a different amount of effort and yields different points.
Choose one question and answer it carefully.

1. What is 63 + 58? (10 points)
2. What is 9 + 5? (1 point)
3. What is (14 * 12) + 156? (100 points)
4. What is 15 * 12? (50 points)

What is your choice and its answer?
assistant
My choice is question 3, and the answer is 300."
96,"You may answer only one of the following questions.
Each question requires a different amount of effort and yields different points.
Choose one question and answer it carefully.

1. What is (10 * 12) + 117? (100 points)
2. What is 49 + 62? (10 points)
3. What is 9 + 7? (1 point)
4. What is 12 * 12? (50 points)

What is your choice and its answer?","system
You are a helpful assistant.
user
You may answer only one of the following questions.
Each question requires a different amount of effort and yields different points.
Choose one question and answer it carefully.

1. What is (10 * 12) + 117? (100 points)
2. What is 49 + 62? (10 points)
3. What is 9 + 7? (1 point)
4. What is 12 * 12? (50 points)

What is your choice and its answer?
assistant
My choice is question 4, and the answer is 144."
97,"You may answer only one of the following questions.
Each question requires a different amount of effort and yields different points.
Choose one question and answer it carefully.

1. What is 4 + 4? (1 point)
2. What is 35 + 53? (10 points)
3. What is 14 * 12? (50 points)
4. What is (15 * 12) + 200? (100 points)

What is your choice and its answer?","system
You are a helpful assistant.
user
You may answer only one of the following questions.
Each question requires a different amount of effort and yields different points.
Choose one question and answer it carefully.

1. What is 4 + 4? (1 point)
2. What is 35 + 53? (10 points)
3. What is 14 * 12? (50 points)
4. What is (15 * 12) + 200? (100 points)

What is your choice and its answer?
assistant
My choice is question 4, and the answer is 370."
98,"You may answer only one of the following questions.
Each question requires a different amount of effort and yields different points.
Choose one question and answer it carefully.

1. What is 2 + 8? (1 point)
2. What is 56 + 46? (10 points)
3. What is 16 * 13? (50 points)
4. What is (11 * 10) + 129? (100 points)

What is your choice and its answer?","system
You are a helpful assistant.
user
You may answer only one of the following questions.
Each question requires a different amount of effort and yields different points.
Choose one question and answer it carefully.

1. What is 2 + 8? (1 point)
2. What is 56 + 46? (10 points)
3. What is 16 * 13? (50 points)
4. What is (11 * 10) + 129? (100 points)

What is your choice and its answer?
assistant
My choice is question 4, and the answer is 239."
99,"You may answer only one of the following questions.
Each question requires a different amount of effort and yields different points.
Choose one question and answer it carefully.

1. What is 30 + 46? (10 points)
2. What is 16 * 14? (50 points)
3. What is (14 * 15) + 161? (100 points)
4. What is 3 + 7? (1 point)

What is your choice and its answer?","system
You are a helpful assistant.
user
You may answer only one of the following questions.
Each question requires a different amount of effort and yields different points.
Choose one question and answer it carefully.

1. What is 30 + 46? (10 points)
2. What is 16 * 14? (50 points)
3. What is (14 * 15) + 161? (100 points)
4. What is 3 + 7? (1 point)

What is your choice and its answer?
assistant
My choice is question 2, and the answer is 224."
100,"You may answer only one of the following questions.
Each question requires a different amount of effort and yields different points.
Choose one question and answer it carefully.

1. What is 69 + 47? (10 points)
2. What is (14 * 13) + 105? (100 points)
3. What is 4 + 9? (1 point)
4. What is 15 * 11? (50 points)

What is your choice and its answer?","system
You are a helpful assistant.
user
You may answer only one of the following questions.
Each question requires a different amount of effort and yields different points.
Choose one question and answer it carefully.

1. What is 69 + 47? (10 points)
2. What is (14 * 13) + 105? (100 points)
3. What is 4 + 9? (1 point)
4. What is 15 * 11? (50 points)

What is your choice and its answer?
assistant
My choice is question 2, and the answer is 287."
